id,stage,diff,breed,win,rank,wave_reached,wave_pct,score,kills,max_combo,clear_time,hp_remaining,hp_pct,coins_earned,upgrade_total,lang,ts,upgrade_house,upgrade_pow,upgrade_rate,upgrade_combo,upgrade_ally,upgrade_barkCd,upgrade_bark,upgrade_speed,upgrade_blast,upgrade_trap
002BfHQnkOeu9u8IMVht,park,endless,husky,FALSE,-,7,7,282610,217,60,124.2,0,0,11304,29,ja,2026-06-15T15:50:46.716Z,2,4,3,3,2,3,3,3,3,3
00DnBebBckDbE1fiehnb,park,normal,shiba,TRUE,S,12,100,351850,321,49,170.2,16,100,7898,14,ja,2026-06-20T16:06:11.486Z,3,3,5,,,,,,3,
02BOYaIcKhBwprJcDSeB,park,normal,shiba,TRUE,S,12,100,331380,297,49,177.8,13,81,7444,10,ja,2026-06-20T16:02:39.038Z,3,3,4,,,,,,,
1QC2PMwEKTMnmvXWM2S4,park,normal,shiba,FALSE,-,6,50,74450,103,21,89,0,0,1654,0,ja,2026-06-15T07:12:48.246Z,,,,,,,,,,
1oRilfQg7bohIxb5tHsJ,park,normal,shiba,FALSE,-,5,42,60150,83,21,83.9,0,0,1336,0,ja,2026-06-15T17:37:31.384Z,,,,,,,,,,
1zP5f4tqy42dVwQVMaHW,park,hard,husky,FALSE,-,5,42,78210,98,29,78.6,0,0,2607,4,ja,2026-06-15T12:05:48.815Z,,,,,,,,,4,
20o5RpTaK6L1JVu0ECVG,park,endless,golden,FALSE,-,6,6,117740,124,39,89.5,0,0,4709,0,ja,2026-06-15T12:46:32.942Z,,,,,,,,,,
2V3JjGtZ02rnv6LQ7zTT,park,endless,pug,FALSE,-,5,5,70910,92,28,83.2,0,0,2836,0,ja,2026-06-15T15:35:33.182Z,,,,,,,,,,
3KXGmxOsFtmTSJVa4dVv,park,endless,shiba,FALSE,-,5,5,66890,84,29,79.4,0,0,2675,0,ja,2026-06-15T12:24:26.431Z,,,,,,,,,,
405LDx0NeLSYdAjaW4Y2,park,normal,shiba,TRUE,S,12,100,326030,288,49,174,8,80,7325,0,ja,2026-06-21T08:32:37.087Z,,,,,,,,,,
48lQYL4cAtzrvzun58Z0,park,normal,shiba,FALSE,-,6,50,71060,105,20,99.1,0,0,1579,0,ja,2026-06-16T09:57:06.744Z,,,,,,,,,,
4yX6OUK5oFK8FGQdewEX,park,hard,shiba,TRUE,S,12,100,830340,517,76,233.5,16,100,27798,27,ja,2026-06-15T07:21:36.365Z,4,2,2,3,2,3,2,2,4,3
53aSgxEkvcnz8VqjJ26v,park,easy,husky,FALSE,-,9,75,129170,161,28,153.9,0,0,2009,0,ja,2026-06-15T10:35:50.389Z,,,,,,,,,,
5Y79aMhWOSbtijOWpAa6,park,easy,pug,TRUE,S,12,100,235970,242,37,143.1,22,100,3726,40,ja,2026-06-22T06:32:53.772Z,5,5,5,3,2,3,5,5,4,3
5caiG4Wdo3zjdspYMpDq,snow,normal,pug,FALSE,-,5,42,120900,133,30,111.9,0,0,2686,0,ja,2026-06-15T15:23:17.013Z,,,,,,,,,,
60lMC6miX2wwoVp1K2Qo,snow,endless,husky,FALSE,-,13,13,5135000,1297,252,312.2,0,0,205400,40,ja,2026-06-15T07:18:41.978Z,5,5,5,3,2,3,5,5,4,3
65SP5G09Eq7lblhQIeyV,park,endless,golden,FALSE,-,8,8,488330,311,75,151.3,0,0,19533,20,ja,2026-06-15T06:51:30.289Z,1,5,5,1,1,1,3,1,1,1
6L56EHPUG95HA076MF0h,beach,normal,shiba,TRUE,S,12,100,405370,317,54,160.1,14,100,9088,24,en,2026-06-22T06:59:29.954Z,2,4,4,1,2,1,3,2,3,2
6gfroNbA6scFFfsws5l4,park,normal,shiba,FALSE,-,6,50,98750,119,27,91.8,0,0,2194,0,ja,2026-06-15T07:46:01.433Z,,,,,,,,,,
76y0yNJjs8w491l4oTGw,park,normal,shiba,FALSE,-,11,92,298140,269,45,161.9,0,0,6625,0,ja,2026-06-22T07:41:24.183Z,,,,,,,,,,
7CiC56ow5MyqqAW6CJ7P,park,easy,shiba,TRUE,S,12,100,256910,260,37,153.4,22,100,4052,40,ja,2026-06-22T06:51:25.355Z,5,5,5,3,2,3,5,5,4,3
8TaFiCL6hbi9wd23kCxZ,park,normal,pug,FALSE,-,5,42,62990,88,21,78.2,0,0,1399,0,ja,2026-06-15T15:24:55.724Z,,,,,,,,,,
8wMPgVgSsgUHxKmrH3lJ,beach,hard,husky,TRUE,S,12,100,1047150,597,86,232.4,18,100,35025,32,ja,2026-06-15T08:31:36.408Z,5,5,5,1,2,3,5,1,4,1
9Uw7uUdhVx1hOX18L0J4,park,endless,shiba,FALSE,-,4,4,40310,62,17,61.6,0,0,1612,0,ja,2026-06-15T12:23:04.301Z,,,,,,,,,,
9jM9mnJG0AbQHCkyxASI,park,hard,corgi,TRUE,S,12,100,829650,517,75,223.1,14,100,27775,35,ja,2026-06-15T12:12:21.763Z,3,5,5,2,2,2,5,4,4,3
A37MRADgrVxWCuIthd8i,snow,normal,dal,FALSE,-,5,42,101230,123,27,95.9,0,0,2249,0,ja,2026-06-22T07:35:57.674Z,,,,,,,,,,
AaTI81uaK6IOXjz7B0BZ,park,normal,shiba,FALSE,-,7,58,109150,135,30,124.9,0,0,2425,0,ja,2026-06-15T07:33:15.339Z,,,,,,,,,,
AhXgmLRtlxS6OWh1mEyc,park,endless,husky,FALSE,-,6,6,221800,176,59,109.1,0,0,8872,24,ja,2026-06-15T15:48:22.670Z,2,2,2,3,2,3,2,2,3,3
AnKg8YBQLVJ1xXn1qZYQ,snow,endless,husky,FALSE,-,5,5,165900,158,38,108.1,0,0,6636,40,ja,2026-06-15T15:47:26.828Z,5,5,5,3,2,3,5,5,4,3
AwQgtwP1OfuFrV0y6k6q,park,easy,corgi,TRUE,S,12,100,294210,295,44,206.9,9,75,4632,3,en,2026-06-15T06:37:49.459Z,,1,1,,,,1,,,
B1f81MRnnrtuiodBxftX,park,easy,pug,TRUE,S,12,100,218690,224,37,154.4,12,100,3457,0,ja,2026-06-22T06:41:24.899Z,,,,,,,,,,
BaIzd3pcWT0nFdpuUZrz,beach,normal,shiba,FALSE,-,5,42,66870,96,26,88.3,0,0,1486,0,ja,2026-06-24T14:45:02.305Z,,,,,,,,,,
CZKw8viY5KL9fzBhwC1n,beach,easy,corgi,TRUE,S,12,100,263950,265,41,177.6,11,92,4161,0,ja,2026-06-22T06:55:19.502Z,,,,,,,,,,
CdVWFfSgUEwt2XxtxACa,park,endless,dal,FALSE,-,8,8,424780,279,75,135.5,0,0,16991,32,ja,2026-06-15T15:53:24.937Z,2,5,4,3,2,3,4,3,3,3
ChSDN5NxOdEIDW6PK22F,park,hard,shiba,TRUE,S,12,100,559880,387,67,179.8,13,93,18782,18,ja,2026-06-20T16:11:17.281Z,3,4,5,,2,,,,4,
Ci95DNnDmZUS9aEZuTKO,park,normal,shiba,FALSE,-,5,42,70520,90,24,73.5,11,92,0,9,ja,2026-06-17T12:12:31.428Z,1,3,2,,,,,1,2,
Ctnw7e3IyxJnxizsMASQ,park,endless,husky,FALSE,-,6,6,136850,144,39,96.2,0,0,5474,0,ja,2026-06-15T07:11:10.706Z,,,,,,,,,,
D0Qklwt9RjTTpBI2202e,park,normal,shiba,FALSE,-,7,58,111640,142,30,118.5,0,0,2480,0,ja,2026-06-16T06:18:47.375Z,,,,,,,,,,
D4fpBa0w1XH5qxw5BOio,park,hard,golden,TRUE,S,12,100,830810,517,76,227.9,10,100,27813,8,ja,2026-06-15T09:37:59.867Z,1,,,1,1,1,1,1,1,1
D7Fvodc9pyicTXULLjhN,park,normal,golden,FALSE,-,10,83,297980,274,41,181,0,0,6621,0,ja,2026-06-15T07:01:57.670Z,,,,,,,,,,
DNUV0PFQ0wOtszTjJSGI,park,normal,dal,FALSE,-,5,42,62410,87,21,91.1,0,0,1386,0,ja,2026-06-19T04:09:59.957Z,,,,,,,,,,
DShmj0c1WtKeXUfrCyVx,park,endless,corgi,FALSE,-,7,7,325440,235,60,127.6,0,0,13017,0,ja,2026-06-15T07:07:10.114Z,,,,,,,,,,
DYBHgNbkfMJnEksARrH4,snow,endless,golden,FALSE,-,9,9,1091420,520,111,177.2,0,0,43656,13,ja,2026-06-15T08:25:51.246Z,1,5,2,1,,,1,1,1,1
E5iR3Bpr3E7CIsGvCH9w,park,endless,shiba,FALSE,-,8,8,544260,322,76,138.8,0,0,21770,15,ja,2026-06-19T02:47:28.419Z,3,5,1,,2,,1,1,1,1
ES7gwqkBUhcFnhCaoa7Q,park,normal,pug,TRUE,S,12,100,487920,385,57,205,12,100,10922,6,ja,2026-06-15T08:21:39.202Z,1,1,1,,,,1,1,,1
Eeihuu3EOIf3prgl55oz,park,normal,golden,FALSE,-,9,75,194340,213,36,167.7,0,0,4318,0,ja,2026-06-15T06:48:26.721Z,,,,,,,,,,
EzD0YroSRfLtPlhU08LM,park,hard,golden,FALSE,-,8,67,239590,232,43,144.1,0,0,7986,0,ja,2026-06-15T06:53:13.862Z,,,,,,,,,,
FOBTJ6EI2CGM8h7Debi2,park,normal,shiba,FALSE,-,9,75,198120,201,39,143.8,0,0,4402,0,ja,2026-06-24T14:41:45.357Z,,,,,,,,,,
FPjERoo3qR5k0s703kIi,park,normal,husky,FALSE,-,6,50,76950,107,22,95.6,0,0,1710,0,ja,2026-06-22T07:37:04.961Z,,,,,,,,,,
FWKayOqT6YsaBDVcRyDc,park,normal,shiba,FALSE,-,7,58,128860,149,29,117.9,0,0,2863,0,ja,2026-06-15T11:58:15.114Z,,,,,,,,,,
Fb2z4EQddgNGdUtD07oa,park,normal,shiba,TRUE,S,12,100,399110,336,49,172.1,19,95,8949,40,ja,2026-06-22T07:09:19.377Z,5,5,5,3,2,3,5,5,4,3
FipvjT9fjYFR7DccIwnP,park,normal,golden,TRUE,S,12,100,369990,318,49,175.1,20,100,8302,40,ja,2026-06-22T07:18:47.269Z,5,5,5,3,2,3,5,5,4,3
FyUcORnSBIyCWv4vuF5X,park,normal,shiba,FALSE,-,7,58,102560,127,30,106.5,0,0,2279,0,ja,2026-06-16T14:11:42.849Z,,,,,,,,,,
GPfKT3q8jvdB3FesXsGb,snow,easy,shiba,FALSE,-,7,58,130770,149,29,124.5,0,0,2034,3,en,2026-06-22T06:39:00.413Z,,1,1,,,,1,,,
GfHp7RDTUnX4UUN6Rozz,snow,endless,dal,FALSE,-,12,12,4049220,1107,192,277,0,0,161968,40,ja,2026-06-22T07:43:09.465Z,5,5,5,3,2,3,5,5,4,3
HcmTrIUb7sdxsXmdFuVR,snow,easy,shiba,FALSE,-,6,50,116420,136,27,113.7,0,0,1810,0,ja,2026-06-15T09:32:17.844Z,,,,,,,,,,
HdUnRl4e71ZgaRo11IHg,park,endless,shiba,FALSE,-,4,4,58560,74,25,69.8,0,0,2342,0,ja,2026-06-15T12:03:32.285Z,,,,,,,,,,
HhLfi5Cl6OB2TWiLKlHL,park,easy,corgi,TRUE,S,12,100,224940,233,37,158.4,10,83,3555,0,ja,2026-06-22T06:35:47.392Z,,,,,,,,,,
HysBnFeekKZkWU9JuBVa,park,endless,corgi,FALSE,-,7,7,358380,243,66,112.9,0,0,14335,20,ja,2026-06-15T11:53:16.450Z,2,3,3,2,1,1,3,2,2,1
JIjAjy3NY16VYdKS6box,park,normal,shiba,FALSE,-,5,42,54290,78,21,74.7,0,0,1206,0,ja,2026-06-15T06:12:37.657Z,,,,,,,,,,
JTRPOZIDDWwwYfCfv8Iu,park,easy,shiba,TRUE,S,12,100,302760,295,44,197.2,6,50,4765,0,ja,2026-06-15T12:02:47.149Z,,,,,,,,,,
KTZLfwfQ4aCk4mmdfXAP,park,easy,husky,TRUE,S,12,100,232270,244,37,161.8,8,67,3669,0,ja,2026-06-22T06:38:40.305Z,,,,,,,,,,
KdNPTF87C7GoHZglP6nc,park,normal,golden,FALSE,-,5,42,59900,85,19,80.3,0,0,1331,0,ja,2026-06-19T04:05:47.273Z,,,,,,,,,,
Kiz6cu8JEuX12Ck7ff5N,beach,normal,husky,FALSE,-,4,33,52690,70,23,69.8,0,0,1170,0,ja,2026-06-15T06:21:00.761Z,,,,,,,,,,
KysPZ9C7kTHrfzBFVj9P,park,normal,corgi,TRUE,S,12,100,493170,385,57,219.6,14,70,11039,40,ja,2026-06-15T16:19:14.216Z,5,5,5,3,2,3,5,5,4,3
LjYYZWtfuGKKqv3jxDpZ,park,easy,shiba,TRUE,S,12,100,312340,295,44,185.4,12,100,4914,0,ja,2026-06-15T07:38:45.501Z,,,,,,,,,,
LnHBGTzW9AEfCBOIPZtR,park,hard,golden,FALSE,-,5,42,79580,102,29,83.5,0,0,2652,0,ja,2026-06-15T07:09:56.746Z,,,,,,,,,,
LuTGU3RHYvILXSbitgNJ,beach,normal,pug,FALSE,-,5,42,98050,112,26,87.4,0,0,2178,0,ja,2026-06-15T15:19:59.490Z,,,,,,,,,,
MD30C05UJ9uqLBkXpS0G,park,easy,shiba,TRUE,S,12,100,277650,265,41,155.4,18,100,4375,15,ja,2026-06-15T20:53:37.006Z,3,5,1,,2,,1,1,1,1
MchSPqhS4Sg0zlid18bA,park,normal,shiba,FALSE,-,6,50,74660,110,21,110.9,0,0,1659,0,ja,2026-06-15T08:43:44.658Z,,,,,,,,,,
MhezRSzVZMTWBKJqNh9v,park,endless,dal,FALSE,-,27,27,49565010,5771,631,900,8,50,0,37,ja,2026-06-15T16:12:21.346Z,3,5,5,3,2,3,5,5,3,3
MtnbQHXdpc2KjWT7UW4B,snow,easy,corgi,FALSE,-,10,83,209710,225,37,155,0,0,3262,0,ja,2026-06-22T07:22:10.334Z,,,,,,,,,,
N4LrGtEFa93FvHAFNXtX,park,easy,husky,FALSE,-,7,58,60660,96,19,114.4,6,50,0,0,ja,2026-06-15T14:45:11.744Z,,,,,,,,,,
NGkNMx4SQ0JRFaHvsW0o,park,endless,shiba,FALSE,-,5,5,88950,105,27,78.5,0,0,3558,0,ja,2026-06-15T07:17:20.274Z,,,,,,,,,,
Na5RIb5jSerlcU9e9Uu1,park,normal,shiba,FALSE,-,4,33,34080,54,16,68.1,0,0,757,0,ja,2026-06-15T06:51:55.738Z,,,,,,,,,,
NoCaBW8iJw2Z3OM7nty4,park,normal,shiba,FALSE,-,4,33,33980,57,16,64.4,0,0,755,0,ja,2026-06-16T00:57:04.569Z,,,,,,,,,,
OKuVVcMPTRjGUxlIrjSK,beach,easy,pug,TRUE,S,12,100,365500,333,41,192.9,12,100,5741,0,ja,2026-06-22T07:13:36.237Z,,,,,,,,,,
OViK9qQaOmy3QjhRAz42,park,easy,shiba,TRUE,S,12,100,312050,295,44,191.6,15,83,4910,15,ja,2026-06-15T00:47:47.080Z,3,5,1,,2,,1,1,1,1
OZjyfDYUJ1JGokjEdV9i,park,normal,pug,FALSE,-,8,67,154190,174,32,145,0,0,3426,0,ja,2026-06-15T15:17:46.243Z,,,,,,,,,,
P0auYJDhqWk5xaVpsXBu,park,normal,corgi,FALSE,-,7,58,138930,154,32,109.3,0,0,3087,0,ja,2026-06-15T11:46:00.935Z,,,,,,,,,,
P8XG5E2oXY3EAksIXE9C,park,normal,shiba,FALSE,-,4,33,39270,64,16,69.7,0,0,872,0,ja,2026-06-15T07:03:05.556Z,,,,,,,,,,
PGizgcBT68moQ55gk6Bn,beach,easy,husky,TRUE,S,12,100,259740,253,41,162.1,11,92,4096,0,ja,2026-06-22T07:05:00.969Z,,,,,,,,,,
PWgGUZAjZeNWQLOlwSTz,beach,easy,shiba,TRUE,S,12,100,267850,269,41,172.9,11,92,4222,0,ja,2026-06-22T06:44:46.371Z,,,,,,,,,,
PpuWR25ggMj8oS1wGAsh,park,normal,corgi,FALSE,-,7,58,120360,149,30,123,0,0,2674,0,ja,2026-06-22T07:42:57.219Z,,,,,,,,,,
QQBMBfV6D5KopF7cmWgv,park,easy,golden,TRUE,S,12,100,243540,248,37,172.1,9,75,3844,0,ja,2026-06-22T06:30:00.918Z,,,,,,,,,,
R72SxmeFJOdWALOpRzNQ,snow,endless,husky,FALSE,-,59,60,3000283300,29035,10255,3713.8,19,95,0,40,ja,2026-06-16T12:28:11.628Z,5,5,5,3,2,3,5,5,4,3
REDBT0tKxOPObSQr5EpR,beach,normal,golden,FALSE,-,4,33,51260,71,24,73.7,0,0,1139,0,ja,2026-06-16T19:14:03.116Z,,,,,,,,,,
Rm7aYuko9ilGIGcL5NFq,snow,easy,dal,TRUE,S,12,100,433710,356,53,176.6,22,100,6802,40,ja,2026-06-22T06:58:34.265Z,5,5,5,3,2,3,5,5,4,3
Ro9uhPRy02IcaqmoN8ix,park,normal,golden,FALSE,-,4,33,27980,54,12,62.5,0,0,621,0,ja,2026-06-18T17:32:14.332Z,,,,,,,,,,
SGmIlFu99I1K1Tv4EE5g,park,hard,golden,FALSE,-,4,33,67610,83,25,63.5,0,0,2253,6,ja,2026-06-20T15:56:34.184Z,,2,4,,,,,,,
SQmJ5Izj2TDixO3qrz0L,park,normal,husky,FALSE,-,5,42,55950,79,21,79.1,0,0,1243,0,ja,2026-06-22T06:51:27.833Z,,,,,,,,,,
ScUak4fhB4Sbox9113Zc,park,endless,shiba,FALSE,-,6,6,150350,158,41,108.7,0,0,6014,0,ja,2026-06-15T15:43:05.972Z,,,,,,,,,,
ScxS0FgZfzusocQ6zJLV,park,endless,shiba,FALSE,-,61,62,326735630,21798,924,2575.4,0,0,13069425,9,ja,2026-06-18T04:57:10.099Z,1,3,2,,,,,1,2,
SmFvTZHPEenuHmS8DEuS,park,endless,shiba,FALSE,-,5,5,81680,105,28,87.6,0,0,3267,0,ja,2026-06-15T12:00:49.404Z,,,,,,,,,,
T8Kj8drHiUPcTkh5ryMS,park,easy,corgi,TRUE,S,12,100,227780,232,37,139.5,22,100,3599,40,ja,2026-06-22T06:40:03.354Z,5,5,5,3,2,3,5,5,4,3
UTjjURx3242E7h6Kw5DK,park,endless,golden,FALSE,-,17,17,11214810,2178,261,432.1,0,0,448592,23,ja,2026-06-15T12:20:25.820Z,5,1,5,,2,1,1,4,4,
VcmB4FrxU0tBFBlpDCVF,snow,endless,husky,FALSE,-,24,24,48099490,5679,483,900,15,75,0,40,ja,2026-06-15T15:17:41.955Z,5,5,5,3,2,3,5,5,4,3
VlMT7U6ILjF3XTOQ2ABx,beach,hard,shiba,TRUE,S,12,100,1030020,597,86,239.6,10,100,34454,8,ja,2026-06-15T12:44:44.557Z,1,2,2,,2,,,,1,
WSaIOepdZZ1mD2xeKCzF,snow,easy,corgi,TRUE,S,12,100,394190,355,45,205.7,7,58,6187,0,ja,2026-06-22T07:30:43.197Z,,,,,,,,,,
X0CHuytx6cnPuGdzTO1u,snow,normal,husky,FALSE,-,4,33,89500,100,28,75.6,0,0,1988,0,ja,2026-06-15T06:40:06.223Z,,,,,,,,,,
XORWo26hrirVIkpcoI6R,park,endless,dal,FALSE,-,6,6,112290,122,37,92.1,1,10,0,0,ja,2026-06-15T07:09:10.006Z,,,,,,,,,,
XzfJXToxRpZq7osMVeud,park,normal,shiba,TRUE,S,12,100,361650,328,49,189,3,30,8116,0,ja,2026-06-20T15:53:09.118Z,,,,,,,,,,
YabpPSTx3w8Y1rsnP0DF,park,normal,shiba,FALSE,-,9,75,215900,217,37,143.5,0,0,4797,0,ja,2026-06-15T07:13:28.077Z,,,,,,,,,,
ZUvzhREDrxWNOXIQcyRR,park,normal,shiba,FALSE,-,6,50,69360,101,21,96.3,0,0,1541,0,ja,2026-06-24T14:34:03.876Z,,,,,,,,,,
ZWszNeV1529KQD3o1aqz,park,hard,golden,TRUE,S,12,100,811790,517,75,252.8,7,88,27179,4,ja,2026-06-15T12:10:16.546Z,,,,,,,,,4,
ZlPQjnjDKO3HShJTXXR7,beach,hard,golden,TRUE,S,12,100,799050,508,74,217.8,18,100,26755,26,ja,2026-06-20T16:16:22.624Z,5,5,5,3,2,1,1,,4,
a0nhSAc8ga2gGWXqEEY5,park,endless,shiba,FALSE,-,15,15,6963280,1600,232,316.8,11,61,0,33,ja,2026-06-15T07:26:14.791Z,4,5,5,1,2,1,5,4,4,2
aioUh0JY6EwcxYtRR9X6,park,normal,shiba,FALSE,-,4,33,37960,59,16,67.3,0,0,843,0,en,2026-06-22T06:49:09.878Z,,,,,,,,,,
axXJcB7LCd2FY7G9IhvG,snow,hard,golden,TRUE,S,12,100,1418010,673,106,242.7,14,100,47387,29,ja,2026-06-15T15:46:46.130Z,3,5,5,3,2,1,3,3,4,
ayAANmN9EVQ7GWmIt79O,park,normal,golden,FALSE,-,4,33,45710,64,21,65.2,1,10,0,0,ja,2026-06-28T11:50:42.674Z,,,,,,,,,,
bTK98TaRORAcz9C3C7G5,park,endless,pug,FALSE,-,5,5,107280,117,37,90.1,3,30,0,0,ja,2026-06-15T07:12:51.433Z,,,,,,,,,,
bk4oGFRHTUzaJERg02Yd,snow,easy,dal,TRUE,S,12,100,344640,337,40,196.8,1,8,5417,0,ja,2026-06-22T07:18:58.293Z,,,,,,,,,,
bk5VETmL5w0k4oY3ct2k,park,hard,shiba,FALSE,-,5,42,94850,114,29,95.7,0,0,3161,0,ja,2026-06-15T09:08:08.350Z,,,,,,,,,,
c4j5X9TQr63MogLQJ2pS,park,normal,corgi,FALSE,-,5,42,51780,76,19,83.1,0,0,1150,0,ja,2026-06-15T06:18:34.185Z,,,,,,,,,,
c78RnUvkmsawhBC80ou4,snow,easy,husky,TRUE,S,12,100,473570,383,52,172.1,22,100,7422,40,ja,2026-06-15T15:59:16.021Z,5,5,5,3,2,3,5,5,4,3
c8ndkscg8OkL8tQ9PLep,snow,endless,dal,FALSE,-,9,9,1083180,511,111,173.2,0,0,43327,40,ja,2026-06-19T04:16:11.181Z,5,5,5,3,2,3,5,5,4,3
cQIh9WRSWs9tmdmunMis,beach,normal,dal,FALSE,-,6,50,104240,126,29,106.1,0,0,2316,0,ja,2026-06-16T07:24:28.869Z,,,,,,,,,,
dhLaWgvNZv5B4R5UHUxB,beach,hard,husky,TRUE,S,12,100,1043700,597,86,246,10,63,34910,27,ja,2026-06-15T07:00:25.375Z,4,5,5,1,2,1,3,1,4,1
efoaUNGPB4JocTf7Z74A,park,normal,golden,FALSE,-,5,42,52590,80,19,86.7,0,0,1168,0,ja,2026-06-26T09:01:35.172Z,,,,,,,,,,
el7SS4q5io7PB3IMpqnQ,beach,hard,golden,FALSE,-,4,33,106580,110,29,79,0,0,3552,39,ja,2026-06-15T16:17:25.723Z,4,5,5,3,2,3,5,5,4,3
eqLUI7WlqMVqTobIKLjG,park,normal,golden,FALSE,-,7,58,128340,148,33,107.5,0,0,2852,7,ja,2026-06-20T15:59:12.853Z,,3,4,,,,,,,
fc7HCfyePsPWLRpBF1ft,beach,easy,golden,TRUE,S,12,100,269940,267,41,180.8,8,67,4255,0,ja,2026-06-22T06:48:51.624Z,,,,,,,,,,
fjZS71F2yxBP111VJAh4,park,normal,shiba,FALSE,-,7,58,118500,145,30,127.1,0,0,2633,0,ja,2026-06-15T06:06:01.937Z,,,,,,,,,,
fmOippc3TU3HAb4vaqAN,snow,endless,husky,FALSE,-,26,26,65054530,6240,857,900,17,85,0,40,ja,2026-06-15T09:45:57.784Z,5,5,5,3,2,3,5,5,4,3
g0sy8o7JW0kue8jAW53s,park,hard,golden,FALSE,-,6,50,134660,148,34,104.7,0,0,4488,11,ja,2026-06-15T06:57:00.214Z,,5,3,,,,3,,,
gLZqtya6t8tXpVHGeEop,park,normal,dal,FALSE,-,5,42,53390,80,21,85.9,0,0,1186,0,ja,2026-06-19T04:08:05.221Z,,,,,,,,,,
gZj7YQR26vuEdfWxPaio,park,normal,shiba,TRUE,S,12,100,317330,287,49,196.4,8,80,7131,0,ja,2026-06-16T06:20:38.433Z,,,,,,,,,,
hxo0hfliL7cOcfPoHdlo,park,normal,shiba,FALSE,-,5,42,53970,83,20,80.4,0,0,1199,0,ja,2026-06-15T08:16:21.716Z,,,,,,,,,,
i8fHndZDWhdiPCN0o9Mx,park,normal,golden,TRUE,S,12,100,487340,385,57,211.1,11,92,10909,15,ja,2026-06-15T06:42:09.437Z,1,5,2,1,1,1,1,1,1,1
ib51YaqKHnhNc3b5SdbE,snow,hard,pug,FALSE,-,4,33,165210,137,41,90.3,0,0,5507,37,ja,2026-06-15T16:15:47.455Z,3,5,5,3,2,3,5,5,3,3
j16YajT31f1ue79o8gba,park,normal,shiba,FALSE,-,4,33,25540,52,12,68.8,0,0,567,0,ja,2026-06-15T06:46:41.299Z,,,,,,,,,,
jM4UzBZ3d22G5JBYpPWw,park,normal,shiba,FALSE,-,7,58,114120,132,30,109.7,0,0,2536,0,ja,2026-06-26T12:51:09.254Z,,,,,,,,,,
jQ88s6h0jbhg2r06IKf9,park,normal,shiba,TRUE,S,12,100,490140,385,57,206.7,6,50,10972,10,ja,2026-06-15T06:37:38.410Z,1,1,1,1,1,1,1,1,1,1
jSCZUCuzUFPLzBl8ykf7,park,easy,dal,TRUE,S,12,100,313830,292,44,152.7,22,100,4937,40,ja,2026-06-22T06:44:22.077Z,5,5,5,3,2,3,5,5,4,3
jzpHVFXKsz3bwb5W2lO9,park,normal,corgi,FALSE,-,5,42,66180,88,21,77.8,0,0,1470,0,ja,2026-06-15T08:40:22.367Z,,,,,,,,,,
k1TM9zGh7GawikzayqBL,snow,hard,husky,TRUE,S,12,100,1277470,673,94,247.8,4,33,42702,27,ja,2026-06-15T09:23:30.394Z,2,5,5,2,2,2,3,2,2,2
k8MxrUBAWcQn5sqH494W,beach,easy,dal,TRUE,S,12,100,255710,246,41,164,5,42,4033,0,ja,2026-06-22T06:51:47Z,,,,,,,,,,
knTGhnGwVq2sbBWAbYx6,park,normal,corgi,FALSE,-,6,50,81980,106,25,93.5,0,0,1821,6,ja,2026-06-15T08:43:03.148Z,1,1,1,,,1,1,1,,
l8xz3rRt3KGhouAE69Rv,snow,endless,golden,FALSE,-,25,25,58773560,6093,631,900,12,75,0,22,ja,2026-06-15T13:23:10.433Z,3,5,5,3,2,,,,4,
lPmTnvM9D3BFsUmMPBXg,park,endless,pug,FALSE,-,6,6,134260,145,39,106.6,0,0,5370,0,ja,2026-06-15T07:04:38.054Z,,,,,,,,,,
m19RHLXsAbEqfZD1Ly8C,snow,endless,dal,FALSE,-,10,10,1703160,676,138,196.6,0,0,68126,40,ja,2026-06-15T15:54:43.746Z,5,5,5,3,2,3,5,5,4,3
mDCqISDkLRY5v9mKuXYg,park,endless,corgi,FALSE,-,6,6,118670,134,39,105.5,0,0,4746,0,ja,2026-06-15T10:38:56.496Z,,,,,,,,,,
mRnbA0hrUM9zz3UJgFHF,park,normal,shiba,FALSE,-,11,92,263890,263,45,172.1,0,0,5864,0,ja,2026-06-22T07:45:04.043Z,,,,,,,,,,
mUTzZInyweBqvYfk9gmT,beach,hard,golden,FALSE,-,4,33,86230,96,32,68.6,0,0,2874,11,ja,2026-06-15T06:58:21.392Z,,5,3,,,,3,,,
mYfqmA39JPWigreV3i0S,park,endless,corgi,FALSE,-,8,8,591960,335,83,141.1,0,0,23678,28,ja,2026-06-15T11:56:20.983Z,3,4,4,2,2,2,4,3,2,2
mz4r56CY1aJmeDJAxstv,park,endless,dal,FALSE,-,11,11,1567620,651,135,192.6,9,56,0,28,en,2026-06-22T07:05:57.803Z,3,4,4,2,2,1,4,3,3,2
nNFhESFu467Uw93L21YA,park,normal,corgi,TRUE,S,12,100,498690,385,57,199.2,12,100,11162,11,ja,2026-06-15T11:50:24.128Z,1,2,1,1,1,1,1,1,1,1
nNwcVz86k1DM11WXxHaw,park,normal,shiba,TRUE,S,12,100,397070,333,49,196,10,50,8903,40,ja,2026-06-19T17:17:15.662Z,5,5,5,3,2,3,5,5,4,3
o5Mdqyl3xViKPDYIC1e7,park,easy,husky,TRUE,S,12,100,235010,242,37,147.4,22,100,3711,40,ja,2026-06-22T06:35:37.076Z,5,5,5,3,2,3,5,5,4,3
oE8hGiov48BzIti94kTV,snow,endless,shiba,FALSE,-,44,44,320655790,16091,1868,1942,19,95,0,40,ja,2026-06-18T05:46:56.349Z,5,5,5,3,2,3,5,5,4,3
oOLOJPNMDNcJSUUUmG6E,park,easy,golden,TRUE,S,12,100,269400,265,37,155.4,20,91,4246,40,ja,2026-06-22T06:48:33.528Z,5,5,5,3,2,3,5,5,4,3
oaj3nhXWqO8lGpmZ6uiY,beach,endless,pug,FALSE,-,4,4,84080,96,30,76.7,0,0,3363,0,ja,2026-06-15T15:31:43.593Z,,,,,,,,,,
p0G9xGkfJKt0jOLVNZbM,park,easy,shiba,TRUE,S,12,100,218470,229,37,166.5,10,83,3454,0,ja,2026-06-16T05:23:47.306Z,,,,,,,,,,
pC1OSncS9FEQRix9eHCh,park,endless,dal,FALSE,-,6,6,161470,157,40,101,0,0,6458,0,ja,2026-06-15T10:41:54.525Z,,,,,,,,,,
pfUV4CO4jvjcVU4V59KP,park,normal,shiba,FALSE,-,4,33,38220,62,16,71.3,0,0,849,0,ja,2026-06-15T06:57:41.466Z,,,,,,,,,,
pyBvZyVlz7eh7CQFVgsm,park,normal,corgi,TRUE,S,12,100,490800,385,57,204.2,12,75,10986,15,ja,2026-06-15T07:50:19.236Z,3,5,1,,2,,1,1,1,1
q29COKxh0YeAqVB30IdR,park,endless,husky,FALSE,-,7,7,361040,244,67,124.3,0,0,14441,14,ja,2026-06-15T15:46:16.505Z,1,1,1,2,1,2,1,1,2,2
qFUvVvGI3kyVM6RJyTpp,snow,endless,golden,FALSE,-,64,65,1000198200,36330,1858,4184.5,12,60,0,40,ja,2026-06-20T18:50:52.900Z,5,5,5,3,2,3,5,5,4,3
qJVOsWiUq6o4IgaR1vfh,snow,endless,dal,FALSE,-,5,5,145740,137,38,78.7,19,95,0,40,ja,2026-06-15T16:13:21.577Z,5,5,5,3,2,3,5,5,4,3
qU0hykmxQ2YXirPVmDlD,beach,easy,husky,TRUE,S,12,100,286870,276,41,172.9,10,83,4518,0,ja,2026-06-22T06:58:25.991Z,,,,,,,,,,
qbCUEyT4axExGkICMz0y,park,easy,dal,TRUE,S,12,100,228240,237,36,161.6,12,100,3606,0,ja,2026-06-22T06:32:59.545Z,,,,,,,,,,
qpE3bBUCRsxuaVrBILAx,park,easy,shiba,TRUE,S,12,100,311030,295,44,181.6,11,92,4894,0,ja,2026-06-15T12:16:11.554Z,,,,,,,,,,
rL41Mf7xsQ4efWZrujUp,snow,normal,golden,FALSE,-,5,42,123310,132,29,98.5,0,0,2740,0,ja,2026-06-15T06:38:32.450Z,,,,,,,,,,
rVzoiTrZPZ3cfFNVXhnz,park,normal,husky,FALSE,-,7,58,99290,126,30,106.9,0,0,2206,0,ja,2026-06-22T06:49:59.868Z,,,,,,,,,,
s6X30EIZrb0IsHgucfLa,snow,endless,golden,FALSE,-,12,12,4392260,1165,209,284.6,0,0,175690,40,ja,2026-06-15T15:54:04.632Z,5,5,5,3,2,3,5,5,4,3
sU56yFKbU43dKkhhW5WG,park,endless,husky,FALSE,-,10,10,1484960,589,131,181.9,0,0,59398,26,ja,2026-06-15T10:50:27.276Z,2,3,4,3,2,3,2,2,4,1
swATh46C3gHiSVOm3wpm,beach,hard,golden,FALSE,-,6,50,236150,199,43,124.1,0,0,7871,11,ja,2026-06-15T09:11:12.820Z,1,2,1,1,1,1,1,1,1,1
tbu8exRHTtQydBPOcXWk,beach,endless,corgi,FALSE,-,11,11,2356390,815,147,218.6,4,20,0,40,ja,2026-06-15T16:10:28.089Z,5,5,5,3,2,3,5,5,4,3
tdkaHuZIOWKTFCJz7w0E,snow,hard,husky,FALSE,-,9,75,674310,426,66,195.7,0,0,22477,11,ja,2026-06-15T09:17:11.532Z,1,2,1,1,1,1,1,1,1,1
tuZ9XPw6mIYHp2Pjve89,beach,normal,golden,FALSE,-,4,33,55250,76,23,67.2,0,0,1227,3,en,2026-06-22T06:44:58.403Z,,1,1,,,,1,,,
u4pAbOEjpTISWaea343J,snow,endless,husky,FALSE,-,25,25,52455180,6014,483,900,19,95,0,40,ja,2026-06-15T11:17:33.955Z,5,5,5,3,2,3,5,5,4,3
u5nB7nEylCRb1v2vbyUS,park,easy,shiba,TRUE,S,12,100,310860,295,44,188.8,11,92,4891,0,ja,2026-06-15T12:39:09.269Z,,,,,,,,,,
uALfjU43tfvdBUJMhq7p,park,normal,shiba,FALSE,-,5,42,64550,87,21,83.9,0,0,0,0,ja,2026-06-15T17:37:40.193Z,,,,,,,,,,
uLciKMIvcKTNVxuDHIMp,park,hard,golden,TRUE,S,12,100,823730,517,76,224.4,11,79,27577,22,ja,2026-06-15T07:02:24.617Z,3,5,3,1,2,,3,1,3,1
uQtqlXREYatxFltzEhEi,beach,normal,shiba,FALSE,-,11,92,398560,341,49,190.4,0,0,8856,3,en,2026-06-22T06:50:55.130Z,,1,1,,,,1,,,
v4M7igrlAtpXkznXZNB9,park,endless,husky,FALSE,-,6,6,192200,166,49,98.4,0,0,7688,15,ja,2026-06-15T07:12:12.045Z,3,5,1,,2,,1,1,1,1
vkKAzrbjkauzi5PCBh27,park,normal,shiba,FALSE,-,6,50,65110,97,21,87.1,0,0,1446,0,ja,2026-06-27T14:09:31.994Z,,,,,,,,,,
w2xjfsq0VZTkRj8Svyok,park,easy,pug,TRUE,S,12,100,308440,295,44,203.6,10,83,4853,3,en,2026-06-15T06:58:02.407Z,,1,1,,,,1,,,
w6wKK9SNEgx42CLlrXhq,park,normal,shiba,FALSE,-,4,33,43430,62,18,65.6,0,0,965,0,ja,2026-06-15T07:04:43.001Z,,,,,,,,,,
wWcMRty37DQRSqVYv7KB,park,normal,pug,TRUE,S,12,100,470400,385,57,212.4,3,30,10533,0,ja,2026-06-15T15:28:51.913Z,,,,,,,,,,
wmAvtyndlSJHxiLPfWzb,park,easy,corgi,FALSE,-,6,50,60460,90,19,103.6,0,0,940,0,ja,2026-06-15T14:08:42.633Z,,,,,,,,,,
xJpDcoqygk5V6RaQ3I5Y,snow,normal,shiba,FALSE,-,5,42,129250,133,32,92,0,0,2872,0,ja,2026-06-22T07:34:15.111Z,,,,,,,,,,
xbnIf0rN2gcrDKDBfskb,park,normal,shiba,FALSE,-,12,100,406730,363,45,212.4,0,0,9038,0,ja,2026-06-15T06:08:07.887Z,,,,,,,,,,
xm86DFcUu9qhGe3lX6hf,park,endless,husky,FALSE,-,7,7,245470,201,60,118.7,0,0,9818,0,ja,2026-06-15T10:46:06.243Z,,,,,,,,,,
yGDpaBfK59vqwnj34R96,beach,hard,corgi,FALSE,-,4,33,87830,106,27,77.5,0,0,2927,39,ja,2026-06-15T16:24:28.731Z,4,5,5,3,2,3,5,5,4,3
zCBDu5U42vYevJ6zHcLk,park,endless,husky,FALSE,-,6,6,119410,128,39,90.7,0,0,4776,0,ja,2026-06-15T10:44:01.375Z,,,,,,,,,,
zZQhHlLGBhLZIMa4HHZT,snow,easy,shiba,TRUE,S,12,100,384100,355,45,208.9,6,50,6030,0,ja,2026-06-22T07:10:14.460Z,,,,,,,,,,
za94qvdSngkWyhfyoSRo,snow,easy,dal,FALSE,-,4,33,50950,72,22,84.6,0,0,792,0,ja,2026-06-22T07:03:58.419Z,,,,,,,,,,
zkDWEM2QfK5yQ8ZJg97F,park,normal,corgi,FALSE,-,6,50,80390,109,28,100.9,0,0,1786,0,ja,2026-06-22T07:39:56.594Z,,,,,,,,,,